mysql> CREATE TABLE class (    -> classNumber char(3) NOT NULL,    -> className char(50) NOT NULL,    -> units INTEGER NOT NULL,    -> PRIMARY KEY (classNumber)    -> );Query OK, 0 rows affected (0.01 sec)mysql> SELECT * FROM class;+-------------+-----------+-------+| classNumber | className | units |+-------------+-----------+-------+| 001         | Math      |     1 || 002         | English   |     2 || 003         | Japanese  |     3 || 004         | Chemistry |     4 || 005         | Physics   |     5 |+-------------+-----------+-------+5 rows in set (0.00 sec)mysql> CREATE TABLE student (    -> studentNumber CHAR(5) NOT NULL UNIQUE,    -> name char(50) NOT NULL,    -> major char(2) NOT NULL,    -> address char(50)    -> );Query OK, 0 rows affected (0.01 sec)mysql> SELECT *    -> FROM student;+---------------+---------------+-------+-----------+| studentNumber | name          | major | address   |+---------------+---------------+-------+-----------+| 00001         | Taro Yamada   | CS    | somewhere || 00002         | Hanako Satoh  | CS    | somewhere || 00003         | Jiro Suzuki   | CS    | somewhere || 00004         | Saburo Kobe   | EE    | somewhere || 00005         | Shiro Daigaku | EE    | somewhere |+---------------+---------------+-------+-----------+5 rows in set (0.00 sec)mysql> CREATE TABLE take (    -> classNumber char(3) NOT NULL,    -> studentNumber char(5) NOT NULL,    -> grade INTEGER NOT NULL,    -> PRIMARY KEY (classNumber, studentNumber),    -> FOREIGN KEY (classNumber) REFERENCES class(classNumber),    -> FOREIGN KEY (studentNumber) REFERENCES student(studentNumber),    -> CHECK (grade BETWEEN 0 AND 100)    -> );Query OK, 0 rows affected (0.01 sec)mysql> SELECT *    -> FROM take;+-------------+---------------+-------+| classNumber | studentNumber | grade |+-------------+---------------+-------+| 001         | 00001         |   100 || 001         | 00002         |    80 || 001         | 00003         |    60 || 001         | 00004         |    40 || 001         | 00005         |    20 || 002         | 00001         |    80 || 002         | 00002         |    60 || 002         | 00003         |    40 || 002         | 00004         |    20 || 002         | 00005         |   100 || 003         | 00001         |    60 || 003         | 00002         |    40 || 003         | 00003         |    20 || 003         | 00004         |   100 || 003         | 00005         |    80 || 004         | 00001         |    40 || 004         | 00002         |    20 || 004         | 00003         |   100 || 004         | 00004         |    80 || 004         | 00005         |    60 || 005         | 00001         |    20 || 005         | 00002         |   100 || 005         | 00003         |    80 || 005         | 00004         |    60 || 005         | 00005         |    40 |+-------------+---------------+-------+25 rows in set (0.00 sec)Q1.mysql> SELECT take.studentNumber, take.grade    -> FROM take    -> WHERE take.classNumber = '005';+---------------+-------+| studentNumber | grade |+---------------+-------+| 00001         |    20 || 00002         |   100 || 00003         |    80 || 00004         |    60 || 00005         |    40 |+---------------+-------+5 rows in set (0.00 sec)Q2.mysql> SELECT class.classNumber, class.className, take.grade    ->     -> FROM class, take    ->     -> WHERE class.classNumber = take.classNumber AND studentNumber = '00001';+-------------+-----------+-------+| classNumber | className | grade |+-------------+-----------+-------+| 001         | Math      |   100 || 002         | English   |    80 || 003         | Japanese  |    60 || 004         | Chemistry |    40 || 005         | Physics   |    20 |+-------------+-----------+-------+5 rows in set (0.00 sec)Q3.mysql> SELECT class.classNumber, className    ->     -> FROM class, take, student    ->     -> WHERE class.classNumber = take.classNumber AND    ->     -> take.studentNumber = student.studentNumber AND major =N'CS';+-------------+-----------+| classNumber | className |+-------------+-----------+| 001         | Math      || 002         | English   || 003         | Japanese  || 004         | Chemistry || 005         | Physics   || 001         | Math      || 002         | English   || 003         | Japanese  || 004         | Chemistry || 005         | Physics   || 001         | Math      || 002         | English   || 003         | Japanese  || 004         | Chemistry || 005         | Physics   |+-------------+-----------+15 rows in set (0.00 sec)Q4.mysql> SELECT y.studentNumber    -> FROM take AS x, take AS y    -> WHERE x.classNumber='005' AND x.studentNumber = '00001'    -> AND y.classNumber='005' AND y.grade>x.grade;+---------------+| studentNumber |+---------------+| 00002         || 00003         || 00004         || 00005         |+---------------+4 rows in set (0.00 sec)Q5.mysql> SELECT className, units    -> FROM class;+-----------+-------+| className | units |+-----------+-------+| Math      |     1 || English   |     2 || Japanese  |     3 || Chemistry |     4 || Physics   |     5 |+-----------+-------+5 rows in set (0.00 sec)Q6.mysql> SELECT *    -> FROM class    -> WHERE units>=3;+-------------+-----------+-------+| classNumber | className | units |+-------------+-----------+-------+| 003         | Japanese  |     3 || 004         | Chemistry |     4 || 005         | Physics   |     5 |+-------------+-----------+-------+3 rows in set (0.00 sec)Q7.mysql> SELECT AVG(grade)    -> FROM take    -> WHERE classNumber='005';+------------+| AVG(grade) |+------------+|    60.0000 |+------------+1 row in set (0.00 sec)Q8.mysql> SELECT classNumber, AVG(grade)    -> FROM take    -> GROUP BY classNumber;+-------------+------------+| classNumber | AVG(grade) |+-------------+------------+| 001         |    60.0000 || 002         |    60.0000 || 003         |    60.0000 || 004         |    60.0000 || 005         |    60.0000 |+-------------+------------+5 rows in set (0.00 sec)Q9.mysql> SELECT take.classNumber, AVG(grade)    -> FROM take, student    -> WHERE take.studentNumber = student.studentNumber AND major=N'CS'    -> GROUP BY take.classNumber;+-------------+------------+| classNumber | AVG(grade) |+-------------+------------+| 001         |    80.0000 || 002         |    60.0000 || 003         |    40.0000 || 004         |    53.3333 || 005         |    66.6667 |+-------------+------------+5 rows in set (0.00 sec)Q10.mysql> SELECT classNumber, COUNT(*), AVG(grade)    -> FROM take    -> GROUP BY classNumber    -> HAVING COUNT(*)>=3;+-------------+----------+------------+| classNumber | COUNT(*) | AVG(grade) |+-------------+----------+------------+| 001         |        5 |    60.0000 || 002         |        5 |    60.0000 || 003         |        5 |    60.0000 || 004         |        5 |    60.0000 || 005         |        5 |    60.0000 |+-------------+----------+------------+5 rows in set (0.00 sec)