mysql> CREATE TABLE class (    -> classNumber char(3) NOT NULL,    -> className char(50) NOT NULL,    -> units INTEGER NOT NULL,    -> PRIMARY KEY (classNumber)    -> );Query OK, 0 rows affected (0.01 sec)mysql> SELECT * FROM class;+-------------+-----------+-------+| classNumber | className | units |+-------------+-----------+-------+| 001         | Math      |     1 || 002         | English   |     2 || 003         | Japanese  |     3 || 004         | Chemistry |     4 || 005         | Physics   |     5 |+-------------+-----------+-------+5 rows in set (0.00 sec)mysql> CREATE TABLE student (    -> studentNumber CHAR(5) NOT NULL UNIQUE,    -> name char(50) NOT NULL,    -> major char(2) NOT NULL,    -> address char(50)    -> );Query OK, 0 rows affected (0.01 sec)mysql> SELECT *    -> FROM student;+---------------+---------------+-------+-----------+| studentNumber | name          | major | address   |+---------------+---------------+-------+-----------+| 00001         | Taro Yamada   | CS    | somewhere || 00002         | Hanako Satoh  | CS    | somewhere || 00003         | Jiro Suzuki   | CS    | somewhere || 00004         | Saburo Kobe   | EE    | somewhere || 00005         | Shiro Daigaku | EE    | somewhere |+---------------+---------------+-------+-----------+5 rows in set (0.00 sec)mysql> CREATE TABLE take (    -> classNumber char(3) NOT NULL,    -> studentNumber char(5) NOT NULL,    -> grade INTEGER NOT NULL,    -> PRIMARY KEY (classNumber, studentNumber),    -> FOREIGN KEY (classNumber) REFERENCES class(classNumber),    -> FOREIGN KEY (studentNumber) REFERENCES student(studentNumber),    -> CHECK (grade BETWEEN 0 AND 100)    -> );Query OK, 0 rows affected (0.01 sec)mysql> SELECT *    -> FROM take;+-------------+---------------+-------+| classNumber | studentNumber | grade |+-------------+---------------+-------+| 001         | 00001         |   100 || 001         | 00003         |    60 || 001         | 00004         |    40 || 001         | 00005         |    20 || 003         | 00001         |    60 || 003         | 00005         |    80 || 004         | 00003         |   100 || 004         | 00004         |    80 |+-------------+---------------+-------+8 rows in set (0.00 sec)mysql> CREATE VIEW activeClass(classNumber, className, units) AS    -> SELECT class.*    -> FROM class, take    -> WHERE class.classNumber = take.classNumber    ->     -> GROUP BY classNumber;Query OK, 0 rows affected (0.01 sec)mysql> SELECT * FROM activeClass;+-------------+-----------+-------+| classNumber | className | units |+-------------+-----------+-------+| 001         | Math      |     1 || 003         | Japanese  |     3 || 004         | Chemistry |     4 |+-------------+-----------+-------+3 rows in set (0.00 sec)mysql> CREATE VIEW activeStudent(studentNumber, name, major, address) AS    -> SELECT student.*    -> FROM student, take    -> WHERE student.studentNumber = take.studentNumber    ->     -> GROUP BY studentNumber;Query OK, 0 rows affected (0.01 sec)mysql> SELECT * FROM activeStudent;+---------------+---------------+-------+-----------+| studentNumber | name          | major | address   |+---------------+---------------+-------+-----------+| 00001         | Taro Yamada   | CS    | somewhere || 00003         | Jiro Suzuki   | CS    | somewhere || 00004         | Saburo Kobe   | EE    | somewhere || 00005         | Shiro Daigaku | EE    | somewhere |+---------------+---------------+-------+-----------+4 rows in set (0.00 sec)